{"_step":9,"f1_score":0.6806120397439522,"train_accuracy":94.266,"_runtime":278.207451,"_timestamp":1.739515026932987e+09,"test_loss":1.3677377188281648,"_wandb":{"runtime":278},"test_accuracy":67.77,"train_loss":0.16290174266251992,"conf_matrix":{"path":"media/images/conf_matrix_9_8f36deed7e69a4d7ac47.png","format":"png","width":640,"height":480,"_type":"image-file","sha256":"8f36deed7e69a4d7ac47450d7807a5cb8aeeb0aacc7c081d5e09755356641a97","size":57940}}