{"_wandb":{"runtime":119},"_timestamp":1.7395154361469939e+09,"_runtime":25.883176,"_step":1,"Train Loss":1.3000626347558883,"Train Accuracy":0.53244,"Test Accuracy":0.5823,"Test Loss":1.1871972387763345}