{"_wandb":{"runtime":519},"test_accuracy":0.8409,"_step":5,"epoch":5,"final_test_loss":0.5392177814483643,"final_test_f1":0.8406534001887354,"train_accuracy":0.93502,"final_test_accuracy":0.8409,"test_loss":0.5392177814483643,"_timestamp":1.739522950328764e+09,"train_loss":0.1859716604280472,"_runtime":519.023776,"test_f1":0.8406534001887354}