{"final_test_accuracy":0.8705,"train_accuracy":0.94108,"_timestamp":1.739522217057974e+09,"train_loss":0.17129308777332306,"test_accuracy":0.8705,"final_test_f1":0.8695759890697624,"epoch":5,"test_f1":0.8695759890697624,"test_loss":0.41774252614974977,"_step":5,"_runtime":511.317717,"final_test_loss":0.41774252614974977,"_wandb":{"runtime":511}}