{"_step":39,"Confusion Matrix":{"size":50729,"path":"media/images/Confusion Matrix_38_207820bd0d2cfcb77a9a.png","format":"png","width":600,"height":600,"_type":"image-file","sha256":"207820bd0d2cfcb77a9a465a9959b226b989170733f1489e81dd254727829ba0"},"_wandb":{"runtime":249},"_timestamp":1.7395157854251142e+09,"F1 Score":0.7693033013790929,"Train Accuracy":0.94922,"_runtime":249.142819,"Test Loss":0.9425056206572587,"Test Accuracy":0.7685,"Train Loss":0.14296603494364282}