{"epoch":5,"test_f1":0.8104536008442247,"train_accuracy":0.86888,"test_accuracy":0.8111,"_runtime":515.103801,"_timestamp":1.739520966317867e+09,"final_test_f1":0.8104536008442247,"train_loss":0.3772804462623596,"final_test_loss":0.589136294078827,"_step":5,"final_test_accuracy":0.8111,"_wandb":{"runtime":515},"test_loss":0.589136294078827}