{"Confusion Matrix":{"width":600,"height":600,"_type":"image-file","sha256":"ed2324607444d504f44ead0d98dec5c7be9841066ddd91a1a58570d17e7ce7db","size":49392,"path":"media/images/Confusion Matrix_38_ed2324607444d504f44e.png","format":"png"},"F1 Score":0.80558143023782,"Test Loss":0.7376868336633512,"_wandb":{"runtime":243},"_step":39,"Train Loss":0.13532407130079005,"_timestamp":1.739516034647518e+09,"_runtime":243.658325,"Test Accuracy":0.8072,"Train Accuracy":0.95582}